prot,o15,etot,intere,intere0,rmsd
1jfg,5,25.7172693,-15.4928991,-15.4928991,-1
1jfg,5,26.3460916,-17.831964,-17.831964,-1
1jfg,5,28.1178628,-12.9470852,-12.9470852,-1
1jfg,5,31.9511576,-10.4586656,-10.4586656,-1
1jfg,5,34.6271968,-9.31540362,-9.31540362,-1
1jfg,5,35.6162748,-13.2714557,-13.2714557,-1
1jfg,5,36.213924,-5.02569522,-5.02569522,-1
1jfg,5,36.2778906,-7.74486217,-7.74486217,-1
1jfg,5,38.3625597,-17.2287588,-17.2287588,-1
1jfg,5,39.2985812,-6.27226774,-6.27226774,-1
1jfg,5,41.7393393,-14.3595641,-14.3595641,-1
1jfg,5,47.6063891,-2.62844426,-2.62844426,-1
1jfg,5,48.1265532,-3.89966435,-3.89966435,-1
1jfg,5,52.6702376,-5.24448607,-5.24448607,-1
1jfg,5,63.4527275,7.13726399,7.13726399,-1
1jfg,5,64.1563837,-0.1458446,-0.1458446,-1
1jfg,5,70.645573,9.09340314,9.09340314,-1
1jfg,5,79.549635,-0.677913051,-0.677913051,-1
1jfg,5,83.5101924,16.5920515,16.5920515,-1
1jfg,5,85.3435421,21.4085233,21.4085233,-1
1jfg,5,92.3811256,12.392364,12.392364,-1
1jfg,1,20.5765968,-17.3682385,-17.3682385,-1
1jfg,1,67.0147554,-3.24671289,-3.24671289,-1
1jfg,1,35.5217934,-5.37485595,-5.37485595,-1
1jfg,1,17.6575567,-16.8304333,-16.8304333,-1
1jfg,1,31.9794062,-14.7660578,-14.7660578,-1
1jfg,1,24.2891462,-11.8652357,-11.8652357,-1
1jfg,1,38.4536371,-5.86442084,-5.86442084,-1
1jfg,1,38.8559556,-9.84691247,-9.84691247,-1
1jfg,1,22.7306635,-21.9643817,-21.9643817,-1
1n21_nwt,5,-4.66914576,-23.7654381,-23.7654381,2.640742349
1n21_nwt,5,-3.4353107,-22.7468854,-22.7468854,2.413690305
1n21_nwt,5,0.348233211,-21.3218834,-21.3218834,2.459729248
1n21_nwt,1,14.8020872,-11.7566738,-11.7566738,2.893320675
1n21_nwt,1,13.5567816,-11.3199475,-11.3199475,3.643903614
1n21_wwt,1,127.740521,38.6979711,38.6979711,3.433626308
1n21_wwt,1,104.938068,46.7842237,46.7842237,3.269471828
1n21_wwt,5,5.95381285,-15.7571237,-15.7571237,2.274012915
1n21_wwt,5,19.3912982,-8.60667211,-8.60667211,2.722854401
2j5c_nwt,5,6.49860408,-11.9744166,-11.9744166,-1
2j5c_nwt,5,9.62438512,-8.56989448,-8.56989448,-1
2j5c_nwt,5,10.3091563,-9.76129476,-9.76129476,-1
2j5c_nwt,5,42.0851581,5.38922431,5.38922431,-1
2j5c_nwt,1,64.5885001,25.594674,25.594674,-1
2j5c_nwt,1,83.6644981,36.9737022,36.9737022,-1
2j5c_nwt,1,93.5303216,37.8035423,37.8035423,-1
2j5c_nwt,1,75.1928064,20.0198211,20.0198211,-1
2j5c_nwt,1,94.4706291,35.821745,35.821745,-1
2j5c_nwt,1,87.0885973,39.5027347,39.5027347,-1
2j5c_nwt,1,76.3271297,17.996215,17.996215,-1
2j5c_nwt,1,93.5109002,37.8044056,37.8044056,-1
2j5c_nwt,1,67.5004384,27.5817512,27.5817512,-1
2j5c_wwt,5,4.019205,-10.3159299,-10.3159299,-1
2j5c_wwt,5,5.42088731,-13.3368298,-13.3368298,-1
2j5c_wwt,5,7.68629013,-15.2460366,-15.2460366,-1
2j5c_wwt,5,8.44418313,-11.1013619,-11.1013619,-1
2j5c_wwt,5,22.4704769,-4.77313192,-4.77313192,-1
2j5c_wwt,5,38.0780555,9.79013516,9.79013516,-1
2j5c_wwt,1,59.4371251,23.5782364,23.5782364,-1
2j5c_wwt,1,107.082567,48.4511921,48.4511921,-1
2j5c_wwt,1,70.3617638,31.2019602,31.2019602,-1
2j5c_wwt,1,68.2894493,29.1151642,29.1151642,-1
2j5c_wwt,1,78.7795869,27.9433556,27.9433556,-1
2j5c_wwt,1,70.3757916,31.8735418,31.8735418,-1
2ong_nwt,5,-9.46444088,-24.1576435,-24.1576435,1.785066186
2ong_nwt,5,-8.89718863,-23.4111838,-23.4111838,1.776019793
2ong_nwt,5,-4.34190622,-19.753926,-19.753926,1.903411842
2ong_nwt,5,-1.28651105,-17.873723,-17.873723,1.687625438
2ong_nwt,5,-0.287032744,-18.5855243,-18.5855243,2.287192794
2ong_nwt,5,-0.287032337,-18.5857046,-18.5857046,2.287192794
2ong_nwt,5,-0.026520241,-19.4527419,-19.4527419,1.653820583
2ong_nwt,5,4.46541703,-17.4288082,-17.4288082,1.610683566
2ong_nwt,5,17.937109,-12.3626,-12.3626,2.099433623
2ong_nwt,1,20.5709066,-6.48327987,-6.48327987,3.129772687
2ong_nwt,1,47.3443456,-1.27738896,-1.27738896,3.333491736
2ong_wwt,5,-7.67961506,-22.9515604,-22.9515604,1.727131447
2ong_wwt,5,-5.18119967,-20.6155969,-20.6155969,1.907657252
2ong_wwt,5,-3.30562868,-20.4104182,-20.4104182,1.615550941
2ong_wwt,5,-1.98686219,-21.2676207,-21.2676207,1.661852347
2ong_wwt,5,-1.73668154,-18.3193853,-18.3193853,1.687279166
2ong_wwt,5,-0.904224749,-18.013502,-18.013502,1.713419868
2ong_wwt,5,0.541969023,-16.6827662,-16.6827662,1.736931338
2ong_wwt,5,0.995547352,-16.1737382,-16.1737382,1.666274552
2ong_wwt,5,2.4868275,-17.9685576,-17.9685576,2.308853525
2ong_wwt,5,7.96717864,-14.4709845,-14.4709845,1.840750709
2ong_wwt,5,11.6616899,-13.8467409,-13.8467409,2.306437561
2ong_wwt,1,95.2197118,15.3052703,15.3052703,3.322825988
2ong_wwt,1,157.817767,86.4808499,86.4808499,2.879522455
2ong_wwt,1,85.8529472,13.3718425,13.3718425,3.47467433
2ong_wwt,5,-7.67961506,-22.9515604,-22.9515604,1.727131447
2ong_wwt,1,164.50983,81.5598298,81.5598298,3.107482409
2ong_wwt,5,-5.18119967,-20.6155969,-20.6155969,1.907657252
2ong_wwt,5,0.995547352,-16.1737382,-16.1737382,1.666274552
2ong_wwt,1,185.263368,92.5895376,92.5895376,3.158109667
2ong_wwt,5,12.0876363,-13.9616023,-13.9616023,3.13547646
2ong_wwt,5,2.4868275,-17.9685576,-17.9685576,2.308853525
2ong_wwt,5,-1.89173798,-19.1865398,-19.1865398,2.22615785
2ong_wwt,5,-3.30562868,-20.4104182,-20.4104182,1.615550941
2ong_wwt,1,95.2197118,15.3052703,15.3052703,3.322825988
2ong_wwt,1,302.482109,190.543471,190.543471,3.965877758
2ong_wwt,5,7.62646184,-14.0137684,-14.0137684,2.129966709
2ong_wwt,5,4.83283704,-12.4538708,-12.4538708,1.99347868
2ong_wwt,5,7.96717864,-14.4709845,-14.4709845,1.840750709
2ong_wwt,5,-4.36189135,-20.8724969,-20.8724969,1.67992914
2ong_wwt,5,-1.98686219,-21.2676207,-21.2676207,1.661852347
2ong_wwt,1,157.817767,86.4808499,86.4808499,2.879522455
2ong_wwt,1,1409.67643,903.338254,903.338254,6.507661053
2ong_wwt,1,299.843636,192.431357,192.431357,3.949494092
2ong_wwt,5,11.6616899,-13.8467409,-13.8467409,2.306437561
2ong_wwt,5,0.541969023,-16.6827662,-16.6827662,1.736931338
2ong_wwt,5,1.84418435,-14.6459099,-14.6459099,3.090927378
2ong_wwt,5,2.55710235,-16.7021788,-16.7021788,3.049734966
2ong_wwt,5,-1.73668154,-18.3193853,-18.3193853,1.687279166
2ong_wwt,5,-0.904224749,-18.013502,-18.013502,1.713419868
2ong_wwt,5,1.11177378,-16.9830102,-16.9830102,1.595255161
2ong_wwt,1,85.8529472,13.3718425,13.3718425,3.47467433
2ong_wwt,1,302.076359,194.453406,194.453406,3.923729
3m01_nwt,5,-4.91945185,-25.9734029,-25.9734029,3.756775552
3m01_nwt,5,-4.06296579,-29.8482118,-29.8482118,4.34299012
3m01_nwt,5,-3.61904694,-28.9115204,-28.9115204,1.610205156
3m01_nwt,5,-3.08019461,-26.9152421,-26.9152421,3.138966599
3m01_nwt,5,-3.03563137,-25.2439881,-25.2439881,2.954363376
3m01_nwt,5,-2.97297377,-24.5467544,-24.5467544,4.030187866
3m01_nwt,5,-1.97290121,-24.2366749,-24.2366749,4.370156959
3m01_nwt,5,-1.8104055,-28.4117917,-28.4117917,1.584414552
3m01_nwt,5,-1.30626142,-26.2073484,-26.2073484,4.412072728
3m01_nwt,5,-1.07390402,-25.5914201,-25.5914201,3.217825023
3m01_nwt,5,-0.601466051,-22.1098411,-22.1098411,3.265420382
3m01_nwt,5,0.533709793,-23.5588139,-23.5588139,4.670164177
3m01_nwt,5,0.976902298,-24.7783447,-24.7783447,3.40013821
3m01_nwt,5,1.68054384,-23.1457031,-23.1457031,5.039885742
3m01_nwt,5,1.93922472,-24.466684,-24.466684,4.322893858
3m01_nwt,5,3.51036241,-23.359696,-23.359696,2.779016347
3m01_nwt,5,3.975411,-21.0461982,-21.0461982,4.465964783
3m01_nwt,5,5.02755858,-21.7545208,-21.7545208,2.815063027
3m01_nwt,5,8.09349457,-22.5264263,-22.5264263,3.716796323
3m01_nwt,5,15.7534366,-19.8266242,-19.8266242,4.263230954
3m01_nwt,5,19.6585952,-19.3383253,-19.3383253,4.974605858
3m01_nwt,1,-3.93680027,-27.3884991,-27.3884991,3.120728657
3m01_nwt,1,-5.03623044,-28.0315166,-28.0315166,4.745269684
3m01_nwt,1,2.53626002,-26.5411815,-26.5411815,4.750836408
3m01_nwt,1,-2.58480358,-27.7013346,-27.7013346,4.688784765
3m01_nwt,1,-4.04316746,-27.9020766,-27.9020766,3.78888305
3m01_nwt,1,-0.850415277,-26.1050174,-26.1050174,3.01846129
3m01_nwt,1,-2.27262337,-26.4524242,-26.4524242,5.305523821
3m01_nwt,1,-4.23321895,-29.8397672,-29.8397672,4.17437758
3m01_nwt,1,-6.04265996,-28.7176499,-28.7176499,4.980667369
3m01_nwt,1,-0.807172481,-25.0613758,-25.0613758,5.485230915
3m01_nwt,1,3.26353303,-25.5704104,-25.5704104,4.50675275
3m01_nwt,1,-7.91795215,-30.5009629,-30.5009629,4.886691885
3m01_nwt,1,17.226151,-13.7560933,-13.7560933,4.590088588
3m01_nwt,1,-4.23432917,-27.2507203,-27.2507203,4.294238127
3m01_nwt,1,-4.83948773,-27.8628245,-27.8628245,5.495879499
3m01_wwt,5,-6.17249603,-29.2971782,-29.2971782,4.566933126
3m01_wwt,5,-5.35387566,-27.2944559,-27.2944559,3.617631038
3m01_wwt,5,-3.40713382,-26.9800396,-26.9800396,3.266797377
3m01_wwt,5,-1.00845504,-25.7847404,-25.7847404,3.898921555
3m01_wwt,5,-0.880155775,-24.410965,-24.410965,4.779744394
3m01_wwt,5,-0.499628744,-25.008306,-25.008306,5.225120945
3m01_wwt,5,0.408959705,-23.6202528,-23.6202528,4.706239443
3m01_wwt,5,0.722041465,-24.8101424,-24.8101424,3.386778803
3m01_wwt,5,1.25681443,-23.5834005,-23.5834005,5.10330075
3m01_wwt,5,2.3306149,-22.0523138,-22.0523138,4.55636345
3m01_wwt,5,3.99257319,-23.6229915,-23.6229915,4.485460599
3m01_wwt,5,16.0833985,-21.0533835,-21.0533835,4.234105648
3m01_wwt,5,17.2000256,-17.6997687,-17.6997687,4.067425752
3m01_wwt,1,14.0320189,-14.27355,-14.27355,3.128348163
3m01_wwt,1,39.9883529,-4.99475546,-4.99475546,3.826357517
3m01_wwt,1,14.8661386,-16.4231721,-16.4231721,5.18747705
3m01_wwt,1,7.60356481,-18.4360851,-18.4360851,4.948315843
3m01_wwt,1,105.091117,33.1349888,33.1349888,5.194480417
3m01_wwt,1,5.66686635,-19.7782696,-19.7782696,5.457088753
3m01_wwt,1,5.79875908,-19.3828873,-19.3828873,5.184649841
3m01_wwt,1,13.6353788,-16.3220731,-16.3220731,5.016739823
3m01_wwt,1,101.032741,31.0889712,31.0889712,5.08697922
3m01_wwt,1,5.2519262,-19.768818,-19.768818,5.090139862
3m01_wwt,1,1.61597499,-21.9194842,-21.9194842,5.069034687
3m01_wwt,1,15.5207933,-14.3900897,-14.3900897,4.091715863
3m01_wwt,1,20.243946,-10.8373837,-10.8373837,5.078678896
3m01_wwt,1,5.56008153,-18.9563853,-18.9563853,4.893976464
3m01_wwt,1,6.60864067,-19.9490122,-19.9490122,4.965974099
3m01_wwt,1,2.09787051,-21.6390121,-21.6390121,4.886031942
3m01_wwt,1,2.01598198,-20.9972605,-20.9972605,5.37308196
3p5r_nwt,1,5.90167215,-36.541368,-36.541368,2.353324986
3p5r_nwt,1,24.4069106,-25.1395914,-25.1395914,4.450697485
3p5r_nwt,1,28.7111808,-20.6811236,-20.6811236,3.453202528
3p5r_nwt,1,7.67474187,-35.9418119,-35.9418119,4.460767945
3p5r_nwt,1,67.8177955,-17.636892,-17.636892,3.21992904
3p5r_nwt,1,25.632334,-33.6192984,-33.6192984,3.05909015
3p5r_nwt,1,26.9649104,-27.2666608,-27.2666608,3.362502612
3p5r_nwt,1,29.0322371,-24.4731884,-24.4731884,3.623824537
3p5r_nwt,1,13.6307114,-32.8596394,-32.8596394,4.318560762
3p5r_nwt,1,32.1592448,-24.7654243,-24.7654243,3.919161371
3p5r_nwt,1,21.2341371,-32.567773,-32.567773,2.04222441
3p5r_nwt,1,27.2957518,-31.1285634,-31.1285634,3.356153947
3p5r_nwt,1,36.3576694,-25.6548679,-25.6548679,3.345311372
3p5r_nwt,1,23.1110008,-28.0861332,-28.0861332,3.201998329
3p5r_nwt,1,49.0573486,-15.5460446,-15.5460446,3.868109849
3p5r_nwt,1,26.8206133,-25.8616405,-25.8616405,3.926326313
3p5r_nwt,1,35.6073872,-26.7326329,-26.7326329,3.110281139
3p5r_nwt,1,63.4111758,-10.6349431,-10.6349431,4.687345404
3p5r_nwt,5,25.3551366,-17.6177663,-17.6177663,4.997061828
3p5r_nwt,5,30.1511634,-18.5039552,-18.5039552,5.112068638
3p5r_nwt,5,34.0001084,-16.4240877,-16.4240877,4.894083324
3p5r_nwt,5,34.377212,-12.3354338,-12.3354338,5.199383943
3p5r_nwt,5,35.744664,-17.152573,-17.152573,3.293078675
3p5r_nwt,5,38.6072255,-8.11090691,-8.11090691,2.475232551
3p5r_nwt,5,39.6252869,-11.0338359,-11.0338359,4.630634248
3p5r_nwt,5,40.7135998,-5.68175576,-5.68175576,5.029736807
3p5r_nwt,5,42.4701892,-16.3668407,-16.3668407,3.140125018
3p5r_nwt,5,48.0237049,-2.76811587,-2.76811587,2.189229725
3p5r_nwt,5,48.4340913,-6.17772921,-6.17772921,2.537984887
3p5r_nwt,5,48.8132792,-11.4000661,-11.4000661,3.20823062
3p5r_nwt,5,50.9618161,-9.9995583,-9.9995583,2.37535451
3p5r_nwt,5,51.2786848,-13.6466501,-13.6466501,3.606536384
3p5r_nwt,5,53.6255729,-3.20427932,-3.20427932,2.533219334
3p5r_nwt,5,56.7924524,-5.22874572,-5.22874572,3.226999939
3p5r_nwt,5,58.3590082,3.01354406,3.01354406,4.700238443
3p5r_nwt,5,62.9211166,-0.236760685,-0.236760685,2.492099436
3p5r_nwt,5,63.4996717,-6.56401181,-6.56401181,2.118515178
3p5r_nwt,5,64.2950319,-6.83244067,-6.83244067,2.149935206
3p5r_nwt,5,64.5824989,2.47284171,2.47284171,3.923414191
3p5r_nwt,5,69.387064,-1.10507195,-1.10507195,4.374587282
3p5r_nwt,5,77.2253889,5.85786278,5.85786278,5.449663234
3p5r_nwt,5,77.5599107,9.89456263,9.89456263,4.967239296
3p5r_nwt,5,80.5813964,-6.53253532,-6.53253532,3.273117522
3p5r_nwt,5,82.2213813,-6.07546688,-6.07546688,4.207334102
3p5r_nwt,5,84.8291737,8.953504,8.953504,3.802195096
3p5r_nwt,5,92.2478838,5.73761532,5.73761532,4.196967428
3p5r_nwt,5,98.2269962,12.0308363,12.0308363,4.609507527
3p5r_nwt,5,126.413863,15.3617787,15.3617787,4.035899545
3p5r_nwt,5,165.677975,24.3058745,24.3058745,3.386869939
3p5r_nwt,5,314.939435,209.810857,209.810857,3.243183181
3p5r_nwt,5,1280.2249,592.916923,592.916923,4.645862154
3p5r_wwt,1,198.276467,72.0471336,72.0471336,3.953461484
3p5r_wwt,1,168.190996,57.3574601,57.3574601,3.392546065
3p5r_wwt,1,145.977765,40.6687634,40.6687634,2.925280014
3p5r_wwt,1,105.740253,38.0272287,38.0272287,1.870950353
3p5r_wwt,1,126.106714,39.2612669,39.2612669,4.309481617
3p5r_wwt,1,448.533496,267.584947,267.584947,4.457101447
3p5r_wwt,1,129.702169,40.32331,40.32331,2.713933536
3p5r_wwt,1,111.135998,40.822,40.822,2.7220402
3p5r_wwt,1,151.850437,39.4352443,39.4352443,4.302128807
3p5r_wwt,1,142.558888,45.1090151,45.1090151,4.127847733
3p5r_wwt,1,125.63323,44.8355652,44.8355652,2.492218525
3p5r_wwt,1,137.145064,46.9689848,46.9689848,2.697472056
3p5r_wwt,1,156.893659,48.0175362,48.0175362,2.462744985
3p5r_wwt,1,164.993485,62.4291374,62.4291374,3.271437865
3p5r_wwt,1,122.890323,38.980448,38.980448,4.264632423
3p5r_wwt,1,144.904029,51.2498814,51.2498814,4.560747956
3p5r_wwt,1,124.948285,39.3407699,39.3407699,4.388709802
3p5r_wwt,1,155.138712,47.7557192,47.7557192,3.031265109
3p5r_wwt,1,104.774286,34.7211616,34.7211616,4.094372654
3p5r_wwt,5,30.9852626,-14.8380427,-14.8380427,4.839795495
3p5r_wwt,5,34.272216,-12.2978185,-12.2978185,5.268058768
3p5r_wwt,5,34.3561607,-11.5812538,-11.5812538,5.168451078
3p5r_wwt,5,40.2640123,-11.409313,-11.409313,2.649606947
3p5r_wwt,5,42.956184,-10.2058338,-10.2058338,4.639280241
3p5r_wwt,5,46.3595313,-7.27447738,-7.27447738,2.646646966
3p5r_wwt,5,48.3925356,-12.2827896,-12.2827896,3.227285875
3p5r_wwt,5,49.0889046,1.195857,1.195857,4.582309247
3p5r_wwt,5,53.1415735,-0.450218898,-0.450218898,4.657992094
3p5r_wwt,5,53.3721034,2.62531917,2.62531917,4.672076186
3p5r_wwt,5,54.655659,-7.16798409,-7.16798409,3.118877588
3p5r_wwt,5,55.3981256,-5.08600612,-5.08600612,2.71379769
3p5r_wwt,5,58.1403031,-7.63967871,-7.63967871,3.316515719
3p5r_wwt,5,62.5273524,-7.37486447,-7.37486447,2.886230635
3p5r_wwt,5,62.5872127,-4.94813724,-4.94813724,2.374186175
3p5r_wwt,5,66.0755871,-3.35871164,-3.35871164,2.249442182
3p5r_wwt,5,73.3979884,1.74201372,1.74201372,4.392928434
3p5r_wwt,5,73.4017776,-13.7708888,-13.7708888,2.675165186
3p5r_wwt,5,75.4025884,8.52265652,8.52265652,4.663278575
3p5r_wwt,5,80.0900405,-7.04069902,-7.04069902,3.272977049
3p5r_wwt,5,80.5399823,-2.42856325,-2.42856325,3.48296482
3p5r_wwt,5,109.353916,22.5284658,22.5284658,3.909596838
3p5r_wwt,5,118.760471,30.2062989,30.2062989,4.523920503
3p5r_wwt,5,313.077503,198.178858,198.178858,3.68685573
3p5r_wwt,5,315.059866,208.309313,208.309313,3.657482507
3v1v,5,40.5264778,1.07956746,1.07956746,3.610814129
3v1v,5,41.3490115,-8.45574677,-8.45574677,3.966575819
3v1v,5,41.3633759,-8.44683364,-8.44683364,3.998239766
3v1v,5,44.2967601,-5.99306182,-5.99306182,4.610429884
3v1v,5,54.4884883,0.156869123,0.156869123,4.378156017
3v1v,5,59.6932306,-4.25316942,-4.25316942,4.700065953
3v1v,5,60.1683782,7.60292295,7.60292295,3.871436177
3v1v,5,68.3597706,16.1383775,16.1383775,5.57896019
3v1v,5,130.205441,41.2442752,41.2442752,5.651193918
3v1v,1,24.3545051,-10.6340139,-10.6340139,4.010630193
3v1v,1,14.9909959,-15.3731947,-15.3731947,5.011714466
3v1v,1,18.735308,-11.2839108,-11.2839108,2.912127737
3v1v,1,2.39887947,-22.0770525,-22.0770525,1.274007759
3v1v,1,0.322801077,-23.6373148,-23.6373148,2.138219281
3v1v,1,3.3428848,-21.5881311,-21.5881311,1.372061932
3v1v,1,18.657628,-14.6138109,-14.6138109,4.810592301
3v1v,1,32.3536959,-9.31456566,-9.31456566,3.773760454
3v1v,1,17.1854345,-12.7066584,-12.7066584,3.224605533
3v1v,1,19.4058324,-9.34727919,-9.34727919,5.489276836
3v1v,1,3.10315403,-20.9533508,-20.9533508,1.391017312
4kux,5,70.8326362,23.5041699,23.5041699,2.734577094
4kux,5,73.6696955,25.2435201,25.2435201,3.347769334
4kux,5,73.8834224,27.5548929,27.5548929,2.524248337
4kux,5,82.6373015,19.5861464,19.5861464,4.339135925
4kux,5,85.5844403,23.2775197,23.2775197,4.418858462
4kux,5,99.0930487,20.5039331,20.5039331,2.103633415
4kux,5,106.335281,10.8376082,10.8376082,4.523054115
4kux,5,110.236474,40.0978756,40.0978756,3.306294929
4kux,5,112.25227,30.3055003,30.3055003,5.210328342
4kux,5,125.986812,56.6449956,56.6449956,3.211545145
4kux,5,135.216989,42.0340711,42.0340711,3.856047132
4kux,1,52.7530399,-2.3929318,-2.3929318,4.154018759
4kux,1,67.3109765,5.60984905,5.60984905,2.976342111
4kux,1,498.845468,364.602634,364.602634,4.315013608
4kux,1,7.86073705,-24.0711338,-24.0711338,4.054978836
4kux,1,-3.99575241,-32.5967167,-32.5967167,2.028915302
4kux,1,6.13886753,-25.0685418,-25.0685418,4.398784818
4kux,1,18.7408575,-21.5777823,-21.5777823,2.20356447
4kux,1,19.3668694,-17.7479073,-17.7479073,4.445706328
4kux,1,72.2172458,5.42495758,5.42495758,3.097060943
4kux,1,40.5584149,-9.31385399,-9.31385399,4.793678554
4kux,1,102.074318,3.35061247,3.35061247,2.390351061
4kux,1,57.2402812,-4.64661018,-4.64661018,3.826099953
4kux,1,45.4195133,0.556133882,0.556133882,4.574889071
4kux,1,5.05008452,-27.6332427,-27.6332427,1.79753637
4kux,1,59.6774761,-7.05036346,-7.05036346,3.700451445
4kux,1,45.3326809,-4.02014282,-4.02014282,2.524783402
4kux,1,12.9873452,-22.68407,-22.68407,4.686026104
4kux,1,-6.49226888,-32.6313438,-32.6313438,1.938852687
4kux,1,37.0008552,-13.4323554,-13.4323554,4.821533234
4kux,1,62.8159146,10.1380678,10.1380678,3.690505847
4okz,5,63.953458,9.15425964,9.15425964,4.577053472
4okz,5,84.7497358,20.4752814,20.4752814,4.760244091
4okz,5,85.0017402,10.7621124,10.7621124,4.594615023
4okz,5,88.9468826,17.0106338,17.0106338,1.928903423
4okz,5,91.6016779,26.9821696,26.9821696,4.740827395
4okz,5,91.9602461,23.6812611,23.6812611,1.991865112
4okz,5,95.6437836,23.9430669,23.9430669,4.689267198
4okz,5,100.874682,17.2725692,17.2725692,4.728498527
4okz,5,100.897498,31.6589197,31.6589197,4.98819039
4okz,5,135.823316,43.2989004,43.2989004,2.767250269
4okz,5,187.717859,61.1356,61.1356,2.300303249
4okz,5,192.753364,51.596666,51.596666,3.01560497
4okz,5,198.139253,48.116763,48.116763,5.477304471
4okz,5,221.715661,66.165483,66.165483,3.647265832
4okz,5,230.555679,70.6310861,70.6310861,3.702114498
4okz,1,0.415785903,-30.8627743,-30.8627743,4.490410096
4okz,1,64.4384896,-3.33710409,-3.33710409,4.637307754
4okz,1,37.2739559,-9.48057128,-9.48057128,4.346988177
4okz,1,67.6168137,7.56688938,7.56688938,4.149698076
4okz,1,87.1202929,5.46253105,5.46253105,3.030565464
4okz,1,1875.63358,992.255064,992.255064,4.686987685
4okz,1,72.0874845,3.54540953,3.54540953,2.431133239
4okz,1,8.27126498,-28.3137465,-28.3137465,3.037927082
4okz,1,118.03618,13.9399991,13.9399991,2.655323253
4okz,1,11.9124121,-21.1356601,-21.1356601,1.592009992
4okz,1,58.079217,-8.54580759,-8.54580759,4.663494128
4okz,1,117.137231,43.8527472,43.8527472,5.160018407
4okz,1,59.7871587,1.89409739,1.89409739,4.219680368
4okz,1,41.852894,-7.18718822,-7.18718822,4.048102732
4okz,1,10.9693407,-25.3415749,-25.3415749,1.138803657
5dz2,1,-5.06956289,-29.9738738,-29.9738738,-1
5dz2,1,4.47195825,-27.4355958,-27.4355958,-1
5dz2,1,30.9223467,-13.0188099,-13.0188099,-1
5dz2,1,13.8100645,-22.5792984,-22.5792984,-1
5dz2,1,10.4973752,-22.5570979,-22.5570979,-1
5dz2,1,1.38937422,-25.4663919,-25.4663919,-1
5dz2,1,-1.32477873,-27.6195875,-27.6195875,-1
5dz2,1,-5.78908009,-29.2278423,-29.2278423,-1
5dz2,1,28.1742687,-14.4486652,-14.4486652,-1
5dz2,1,39.5922128,-10.7007996,-10.7007996,-1
5dz2,1,12.2705006,-24.2083242,-24.2083242,-1
5dz2,1,93.2017528,35.6502251,35.6502251,-1
5dz2,1,6.61102056,-22.6793088,-22.6793088,-1
5dz2,1,1.81429763,-22.6631565,-22.6631565,-1
5dz2,1,7.46055885,-23.6479137,-23.6479137,-1
5dz2,1,-0.98198652,-26.0906385,-26.0906385,-1
5dz2,1,-5.8695202,-29.2445762,-29.2445762,-1
5dz2,1,68.9706419,0.114830895,0.114830895,-1
5dz2,1,-1.73466095,-26.0734525,-26.0734525,-1
5dz2,5,95.3119785,32.4246788,32.4246788,-1
5dz2,5,95.5548653,28.8020232,28.8020232,-1
5dz2,5,100.499257,31.1661803,31.1661803,-1
5dz2,5,102.692777,41.0854713,41.0854713,-1
5dz2,5,103.170551,37.6016585,37.6016585,-1
5dz2,5,105.468029,38.4017947,38.4017947,-1
5dz2,5,106.31636,38.7771036,38.7771036,-1
5dz2,5,107.712298,49.2418043,49.2418043,-1
5dz2,5,107.847852,41.0071514,41.0071514,-1
5dz2,5,107.903142,51.0883906,51.0883906,-1
5dz2,5,108.356332,39.473705,39.473705,-1
5dz2,5,108.818914,25.7443301,25.7443301,-1
5dz2,5,114.916628,28.9049411,28.9049411,-1
5dz2,5,118.833837,39.6740966,39.6740966,-1
5dz2,5,120.39783,40.227732,40.227732,-1
5dz2,5,121.924294,31.8364851,31.8364851,-1
5dz2,5,122.219783,57.3404219,57.3404219,-1
5dz2,5,122.93278,40.7574195,40.7574195,-1
5dz2,5,127.690548,31.4647298,31.4647298,-1
5dz2,5,128.530258,54.9839837,54.9839837,-1
5dz2,5,137.66152,39.3254228,39.3254228,-1
5dz2,5,169.06684,54.3409653,54.3409653,-1
5gue,1,27.943842,-25.7020219,-25.7020219,5.643801502
5gue,1,144.801327,28.9276269,28.9276269,4.939833238
5gue,1,44.1039783,-26.4318688,-26.4318688,4.011549919
5gue,1,18.5333134,-28.5371544,-28.5371544,3.191593464
5gue,1,147.389488,33.9504199,33.9504199,3.701237584
5gue,1,185.02608,62.16377,62.16377,4.806323587
5gue,1,152.841363,34.6541513,34.6541513,3.16617236
5gue,1,143.653431,34.3610508,34.3610508,3.024764379
5gue,1,24.4591471,-30.2714857,-30.2714857,2.986001106
5gue,1,213.028818,63.1545782,63.1545782,4.460453408
5gue,1,152.278121,29.8579205,29.8579205,5.682019864
5gue,1,123.506316,23.9588489,23.9588489,3.115236007
5gue,1,113.779511,13.936789,13.936789,5.438022384
5gue,1,92.2902187,9.39577966,9.39577966,5.002000567
5gue,1,75.192989,-9.59822688,-9.59822688,4.483986115
5gue,1,62.0799422,-11.6663643,-11.6663643,5.068931308
5gue,1,131.530327,5.65152213,5.65152213,6.013490664
5gue,1,178.395737,61.1982328,61.1982328,4.877998647
5gue,1,35.3465667,-15.9473688,-15.9473688,2.393428115
5gue,1,170.036892,28.6565725,28.6565725,3.182545839
5gue,1,78.1800161,-5.49797668,-5.49797668,3.161551453
5gue,1,82.0065241,-4.72871796,-4.72871796,4.54656657
5gue,1,91.9687356,-0.667739516,-0.667739516,2.904840124
5gue,1,34.1492231,-23.9900222,-23.9900222,5.596856796
5gue,5,95.4861556,29.6079679,29.6079679,3.340924157
5gue,5,98.2623764,20.7261645,20.7261645,3.19825316
5gue,5,101.608069,20.5493996,20.5493996,3.867333672
5gue,5,101.827453,21.6341918,21.6341918,3.500957196
5gue,5,106.096912,29.0983858,29.0983858,3.212193799
5gue,5,117.005373,25.4337546,25.4337546,5.267792111
5gue,5,140.534142,30.8458189,30.8458189,4.526321981
5gue,5,178.730359,43.4844378,43.4844378,3.421358182
5gue,5,207.62326,75.7987989,75.7987989,4.528202416
5gue,5,240.759,86.0182076,86.0182076,4.147498958
5gue,5,782.407942,368.041281,368.041281,4.862040084
5gue,5,1407.4683,609.830671,609.830671,4.831453437
5gue,5,9064.91736,3706.98182,3706.98182,6.232195667
5nx7,5,31.6748424,3.30133682,3.30133682,3.994689202
5nx7,5,43.9528069,14.6797865,14.6797865,3.152816818
5nx7,5,92.8791408,28.1987775,28.1987775,2.345549622
5nx7,1,14.0558218,-9.52056337,-9.52056337,2.570370266
5nx7,1,18.7233212,-3.9725047,-3.9725047,2.896628334
5nx7,1,26.2272145,-5.31752544,-5.31752544,2.45264675
5nx7,1,10.2713792,-9.68452051,-9.68452051,2.386923672
5nx7,1,4.39361327,-14.9191395,-14.9191395,1.700623025
5nx7,1,6.11523007,-16.408934,-16.408934,0.755631321
5nx7,1,3.58170662,-19.6877332,-19.6877332,1.260446207
5uv1_nwt,1,13.6133347,-8.95947222,-8.95947222,3.88158263
5uv1_nwt,1,2061.62114,1280.68743,1280.68743,10.1194142
5uv1_nwt,1,18.0159322,-8.24019992,-8.24019992,3.630200409
5uv1_nwt,1,13.6133347,-8.95946387,-8.95946387,3.714807963
5uv1_nwt,1,74.4944462,22.9401501,22.9401501,4.278374721
5uv1_nwt,1,16.4928539,-7.43321948,-7.43321948,3.61475226
5uv1_nwt,5,-4.56049889,-21.6761352,-21.6761352,2.701141781
5uv1_nwt,5,7.03204782,-13.8715577,-13.8715577,1.703086809
5uv1_nwt,5,19.8069895,-7.70611499,-7.70611499,3.046351208
5uv1_nwt,5,20.2849242,-9.68863744,-9.68863744,2.706035846
5uv1_nwt,5,31.8782561,-0.68689392,-0.68689392,2.321278627
5uv1_wwt,5,6.70717895,-14.1281493,-14.1281493,1.707568618
5uv1_wwt,5,8.35293694,-14.2547581,-14.2547581,2.578116665
5uv1_wwt,5,10.5159225,-10.565608,-10.565608,1.956035377
5uv1_wwt,5,11.8587086,-9.30599819,-9.30599819,2.784137342
5uv1_wwt,5,32.4435505,-2.28022856,-2.28022856,1.898306393
5uv1_wwt,5,53.2877588,12.9256407,12.9256407,2.817039031
5uv1_wwt,5,57.4575316,8.33489662,8.33489662,2.709765296
5uv1_wwt,1,152.340923,73.7905266,73.7905266,3.15609028
6a2c_nwt,5,-9.40554099,-34.2405597,-34.2405597,0.995736826
6a2c_nwt,5,-5.31888909,-33.7659557,-33.7659557,0.956134266
6a2c_nwt,5,-4.38601893,-29.6009867,-29.6009867,1.294343819
6a2c_nwt,5,1.09441348,-28.0903802,-28.0903802,3.220342465
6a2c_nwt,5,3.55345311,-27.834517,-27.834517,3.283280491
6a2c_nwt,5,3.67820685,-28.3471237,-28.3471237,3.362408864
6a2c_nwt,5,18.4262133,-20.0689329,-20.0689329,4.479288866
6a2c_nwt,5,29.5099169,-15.3170703,-15.3170703,2.269279144
6a2c_nwt,5,39.636826,-10.5719193,-10.5719193,2.956062809
6a2c_nwt,5,41.0976918,2.60944891,2.60944891,5.031032707
6a2c_nwt,5,41.1605865,5.0244536,5.0244536,5.203616119
6a2c_nwt,5,42.4347839,-4.08813072,-4.08813072,4.035179814
6a2c_nwt,5,49.6443333,-0.014072391,-0.014072391,4.795773983
6a2c_nwt,5,58.0262972,-3.46706892,-3.46706892,3.214023118
6a2c_nwt,5,68.6079189,3.46611074,3.46611074,2.920332763
6a2c_nwt,5,75.0457823,10.0073438,10.0073438,5.295693055
6a2c_nwt,5,87.3833382,8.04706621,8.04706621,2.666227185
6a2c_nwt,1,7.60410221,-26.4124407,-26.4124407,2.123024787
6a2c_nwt,1,56.5442727,5.63001983,5.63001983,5.364399091
6a2c_nwt,1,33.1529695,-10.4152812,-10.4152812,4.599032723
6a2c_nwt,1,16.3593796,-22.7829592,-22.7829592,3.495911467
6a2c_nwt,1,40.4626489,-4.37914468,-4.37914468,3.662851493
6a2c_nwt,1,16.1854186,-19.7443289,-19.7443289,3.697035226
6a2c_nwt,1,30.6625131,-15.2997685,-15.2997685,3.202389355
6a2c_nwt,1,11.9880205,-26.5729375,-26.5729375,2.229440355
6a2c_wwt,5,5.9,-24.1,-24.1,3.3
6a2c_wwt,5,11.5,-19.6,-19.6,4
6a2c_wwt,5,21.2,-17.9,-17.9,2.1
6a2c_wwt,5,38.6,-10.2,-10.2,3.4
6a2c_wwt,5,38.7,-0.3,-0.3,5.2
6a2c_wwt,5,39.4,-13.4,-13.4,3.4
6a2c_wwt,5,41.4,-1.2,-1.2,4.4
6a2c_wwt,5,46.5,-4.4,-4.4,2.3
6a2c_wwt,5,53.6,0.1,0.1,3.6
6a2c_wwt,5,65.6,7.7,7.7,2.8
6a2c_wwt,5,138.6,45.1,45.1,4.8
6a2c_wwt,1,95.8302186,30.9635682,30.9635682,2.050328117
6a2c_wwt,1,98.4992066,33.6392768,33.6392768,3.445175909
6a2c_wwt,1,120.973692,46.9087362,46.9087362,4.17286236
6a2c_wwt,1,126.0814,48.384259,48.384259,3.180806041
6a2c_wwt,1,150.266005,68.94086,68.94086,5.475625535
6a2c_wwt,1,115.772963,46.5818524,46.5818524,4.470716851
6a2c_wwt,1,118.134016,43.8258206,43.8258206,3.386999158
6o9p_nwt,1,24.3538786,-18.1229528,-18.1229528,-1
6o9p_nwt,1,97.4256747,27.8656467,27.8656467,-1
6o9p_nwt,1,76.491183,10.2794894,10.2794894,-1
6o9p_nwt,1,61.0719907,8.09573253,8.09573253,-1
6o9p_nwt,1,23.2728979,-12.5208689,-12.5208689,-1
6o9p_nwt,1,25.1317339,-15.3771328,-15.3771328,-1
6o9p_nwt,1,18.6607466,-14.3876064,-14.3876064,-1
6o9p_nwt,1,34.6645564,-4.56218168,-4.56218168,-1
6o9p_nwt,1,88.3708339,17.6422185,17.6422185,-1
6o9p_nwt,1,18.4756602,-15.6788713,-15.6788713,-1
6o9p_nwt,1,90.4074613,26.5329177,26.5329177,-1
6o9p_nwt,1,42.6621629,0.094083654,0.094083654,-1
6o9p_nwt,1,25.5060588,-12.7581932,-12.7581932,-1
6o9p_nwt,1,16.2270681,-16.1668625,-16.1668625,-1
6o9p_nwt,5,5.72460332,-18.7302682,-18.7302682,-1
6o9p_nwt,5,6.12679254,-17.6676818,-17.6676818,-1
6o9p_nwt,5,6.47555523,-17.6353446,-17.6353446,-1
6o9p_nwt,5,6.71260521,-18.0161555,-18.0161555,-1
6o9p_nwt,5,9.0855331,-16.5517925,-16.5517925,-1
6o9p_nwt,5,10.7154567,-13.9759338,-13.9759338,-1
6o9p_nwt,5,10.7284067,-12.3196778,-12.3196778,-1
6o9p_nwt,5,21.2227655,-8.01884931,-8.01884931,-1
6o9p_nwt,5,26.9685365,-0.325419273,-0.325419273,-1
6o9p_nwt,5,30.725492,-1.95979731,-1.95979731,-1
6o9p_nwt,5,31.8485162,-10.0141792,-10.0141792,-1
6o9p_nwt,5,49.4898933,-9.36046446,-9.36046446,-1
6o9p_nwt,5,53.6606077,-4.38383435,-4.38383435,-1
6o9p_nwt,5,57.123225,6.0613521,6.0613521,-1
6o9p_nwt,5,63.223411,9.56910837,9.56910837,-1
6o9p_nwt,5,70.960404,5.91191716,5.91191716,-1
6o9p_nwt,5,78.8714578,10.6647235,10.6647235,-1
6o9p_nwt,5,139.345304,39.5637081,39.5637081,-1
6o9p_wwt,5,1.92669404,-20.8551087,-20.8551087,-1
6o9p_wwt,5,4.24252806,-20.8213124,-20.8213124,-1
6o9p_wwt,5,5.56498303,-18.7643844,-18.7643844,-1
6o9p_wwt,5,6.47156901,-17.6387653,-17.6387653,-1
6o9p_wwt,5,8.17904322,-23.9839463,-23.9839463,-1
6o9p_wwt,5,9.03492648,-15.1622254,-15.1622254,-1
6o9p_wwt,5,12.1456133,-14.0191345,-14.0191345,-1
6o9p_wwt,5,13.0727838,-12.1308882,-12.1308882,-1
6o9p_wwt,5,13.2382629,-17.9428822,-17.9428822,-1
6o9p_wwt,5,23.8583424,-5.49180733,-5.49180733,-1
6o9p_wwt,5,28.070172,-4.47598534,-4.47598534,-1
6o9p_wwt,5,29.114305,-7.70592569,-7.70592569,-1
6o9p_wwt,5,32.5516547,-5.81739849,-5.81739849,-1
6o9p_wwt,5,44.2454453,3.38052287,3.38052287,-1
6o9p_wwt,5,51.2806255,9.27730855,9.27730855,-1
6o9p_wwt,5,56.3716071,-0.772310094,-0.772310094,-1
6o9p_wwt,5,58.5219078,6.86845627,6.86845627,-1
6o9p_wwt,5,74.246167,4.74653216,4.74653216,-1
6o9p_wwt,5,78.1896951,4.98742836,4.98742836,-1
6o9p_wwt,5,88.9082807,19.9023659,19.9023659,-1
6o9p_wwt,5,90.150968,26.2853749,26.2853749,-1
6o9p_wwt,5,106.144206,28.6063695,28.6063695,-1
6o9p_wwt,5,112.954417,19.3317483,19.3317483,-1
6o9p_wwt,1,63.899063,4.82686698,4.82686698,-1
6o9p_wwt,1,114.636316,17.0521778,17.0521778,-1
6o9p_wwt,1,151.29648,66.6862678,66.6862678,-1
6o9p_wwt,1,157.559416,44.4820889,44.4820889,-1
6o9p_wwt,1,310.436683,167.628009,167.628009,-1
6o9p_wwt,1,92.7007685,35.5992614,35.5992614,-1
6o9p_wwt,1,62.6394908,-0.004348912,-0.004348912,-1
6o9p_wwt,1,86.8771342,11.6089624,11.6089624,-1
6o9p_wwt,1,78.1272253,12.1454447,12.1454447,-1
6o9p_wwt,1,61.7938733,5.00663334,5.00663334,-1
6o9p_wwt,1,92.4114691,22.0811101,22.0811101,-1
6o9p_wwt,1,100.955586,26.5346248,26.5346248,-1
6o9p_wwt,1,62.2543481,3.5638435,3.5638435,-1
6o9p_wwt,1,75.6511616,6.67470806,6.67470806,-1
6w26,1,68.2143823,-0.406803898,-0.406803898,-1
6w26,1,18.3538919,-20.948132,-20.948132,-1
6w26,1,29.0768516,-18.4692227,-18.4692227,-1
6w26,1,94.4711319,20.8390753,20.8390753,-1
6w26,1,81.7327223,18.5338274,18.5338274,-1
6w26,1,44.4477232,-7.50324657,-7.50324657,-1
6w26,1,88.7143498,6.13057139,6.13057139,-1
6w26,1,71.7115549,4.41258918,4.41258918,-1
6w26,1,41.8258266,-7.97849777,-7.97849777,-1
6w26,1,50.4288848,-6.03130349,-6.03130349,-1
6w26,5,49.6469496,5.23299278,5.23299278,-1
6w26,5,50.3132232,-0.840351518,-0.840351518,-1
6w26,5,64.4068431,12.507296,12.507296,-1
6w26,5,70.3653468,6.65133352,6.65133352,-1
6w26,5,73.6636878,14.4540536,14.4540536,-1
6w26,5,74.0349228,4.66826156,4.66826156,-1
6w26,5,74.1522451,13.2675564,13.2675564,-1
6w26,5,87.6315844,20.0363725,20.0363725,-1
6w26,5,93.0464054,20.0558804,20.0558804,-1
6w26,5,115.948638,30.4797825,30.4797825,-1
6w26,5,128.958131,45.0231056,45.0231056,-1
6w26,5,165.454116,50.9152433,50.9152433,-1
6wkd,5,39.2585995,4.39619147,4.39619147,4.217443344
6wkd,5,40.5026298,-0.882171784,-0.882171784,4.345669987
6wkd,5,55.2472062,-2.42803564,-2.42803564,1.363997373
6wkd,5,59.282739,-0.816640684,-0.816640684,2.903743054
6wkd,5,65.4148944,8.17392228,8.17392228,3.314707691
6wkd,5,74.645531,2.80107705,2.80107705,4.162644069
6wkd,5,83.8495797,10.6769534,10.6769534,4.222318325
6wkd,5,96.7126562,15.8459022,15.8459022,4.287226016
6wkd,5,118.615945,27.5399543,27.5399543,4.757605426
6wkd,5,135.541305,21.3401665,21.3401665,4.990038404
6wkd,5,141.225559,37.0657781,37.0657781,2.752188886
6wkd,5,155.015119,39.4467647,39.4467647,4.528786463
6wkd,5,156.095224,44.2416981,44.2416981,2.89049575
6wkd,5,160.061993,54.2174701,54.2174701,3.929830544
6wkd,1,-12.0727122,-34.7900351,-34.7900351,4.342034841
6wkd,1,62.4904361,2.85593444,2.85593444,1.670613386
6wkd,1,111.392323,19.1246348,19.1246348,4.938069853
6wkd,1,23.3995054,-15.5773341,-15.5773341,3.667258278
6wkd,1,3.72543549,-27.3134891,-27.3134891,4.393638141
6wkd,1,119.629103,17.1716997,17.1716997,2.270344602
6wkd,1,21.2867264,-24.3927454,-24.3927454,4.444761237
6wkd,1,-13.1970488,-37.0873934,-37.0873934,0.65994783
6wkd,1,9.1552981,-28.6627355,-28.6627355,1.328535499
6wkd,1,20.5271557,-14.9178385,-14.9178385,4.237602066
6wkd,1,159.976626,42.468823,42.468823,5.410590436
6wkd,1,63.6647147,-10.6270095,-10.6270095,4.797814672
6wkd,1,-9.32275673,-33.4605265,-33.4605265,1.404995487
6wkd,1,53.8192189,-8.01149141,-8.01149141,4.148962807
6wkd,1,131.755792,31.1099854,31.1099854,3.04826202
6wkd,1,73.0999319,-3.43390756,-3.43390756,4.885970753
7kj8,1,129.825177,31.5986494,31.5986494,-1
7kj8,1,80.1864907,23.5585955,23.5585955,-1
7kj8,1,12.1199354,-21.9979472,-21.9979472,-1
7kj8,1,144.532969,42.3125452,42.3125452,-1
7kj8,1,207.765212,97.1657607,97.1657607,-1
7kj8,1,361.478008,242.105786,242.105786,-1
7kj8,1,73.597939,10.775719,10.775719,-1
7kj8,1,12.8257244,-20.0186281,-20.0186281,-1
7kj8,1,166.141969,34.0733015,34.0733015,-1
7kj8,1,101.328658,10.3245572,10.3245572,-1
7kj8,1,179.634633,74.5695674,74.5695674,-1
7kj8,1,76.4468469,4.04582327,4.04582327,-1
7kj8,1,96.1956437,22.3757905,22.3757905,-1
7kj8,1,143.39332,64.5176798,64.5176798,-1
7kj8,1,66.6356978,6.48335526,6.48335526,-1
7kj8,1,43.2187891,-4.75981928,-4.75981928,-1
7kj8,5,153.798846,63.8371571,63.8371571,-1
7kj8,5,154.191841,63.8554432,63.8554432,-1
7kj8,5,157.519757,47.9023506,47.9023506,-1
7kj8,5,163.356592,62.0236934,62.0236934,-1
7kj8,5,241.948756,99.0483729,99.0483729,-1
7oc4,1,16.1424936,-16.2311958,-16.2311958,-1
7oc4,1,17.4744245,-21.7282516,-21.7282516,-1
7oc4,1,170.032429,50.2371998,50.2371998,-1
7oc4,1,144.911436,44.8166181,44.8166181,-1
7oc4,1,1546.55946,1121.74541,1121.74541,-1
7oc4,1,181.590318,71.5908768,71.5908768,-1
7oc4,1,134.033624,36.6502844,36.6502844,-1
7oc4,1,68.4862287,4.35324472,4.35324472,-1
7oc4,5,24.1141384,-13.7565148,-13.7565148,-1
7oc4,5,35.2381751,-7.92069639,-7.92069639,-1
7oc4,5,61.9405381,11.4606269,11.4606269,-1
7oc4,5,80.9055849,8.14820687,8.14820687,-1
7oc4,5,158.581685,57.2855496,57.2855496,-1
7oc4,5,176.086261,71.0977218,71.0977218,-1
7oc4,5,181.979931,65.3852612,65.3852612,-1
7oc4,5,200.610758,124.529886,124.529886,-1
7oc4,5,308.594968,76.1848806,76.1848806,-1
7oc4,5,324.965927,191.184457,191.184457,-1
7oc4,5,343.856695,167.916087,167.916087,-1
7ofl,1,14.6461475,-25.8528655,-25.8528655,-1
7ofl,1,43.3152301,-9.00545663,-9.00545663,-1
7ofl,1,69.292955,-2.26728956,-2.26728956,-1
7ofl,1,42.6707557,-8.02042417,-8.02042417,-1
7ofl,1,144.772907,44.2999904,44.2999904,-1
7ofl,1,135.656679,56.437574,56.437574,-1
7ofl,1,27.3571986,-9.8830753,-9.8830753,-1
7ofl,1,87.0159555,6.38977053,6.38977053,-1
7ofl,1,50.9935213,-4.00916543,-4.00916543,-1
7ofl,1,63.3374723,1.62788704,1.62788704,-1
7ofl,1,37.4360567,-2.78414389,-2.78414389,-1
7ofl,1,40.4209691,-7.0855303,-7.0855303,-1
7ofl,1,53.1886868,-1.62537583,-1.62537583,-1
7ofl,5,105.811315,38.1398229,38.1398229,-1
7ofl,5,113.278667,51.7020447,51.7020447,-1
7ofl,5,118.441481,58.8503057,58.8503057,-1
7ofl,5,129.428038,38.5980552,38.5980552,-1
7ofl,5,134.766699,55.9515938,55.9515938,-1
7ofl,5,151.738775,68.7602018,68.7602018,-1
7ofl,5,154.001284,57.3302881,57.3302881,-1
7ofl,5,165.996086,53.8511071,53.8511071,-1
7ofl,5,172.084673,51.5587284,51.5587284,-1
7ofl,5,179.453864,76.3155277,76.3155277,-1
7ofl,5,181.761463,55.5041808,55.5041808,-1
7ofl,5,204.142079,69.7251154,69.7251154,-1
7ofl,5,251.122305,112.167984,112.167984,-1
7ofl,5,255.424283,109.570744,109.570744,-1
7ofl,5,294.853045,101.878122,101.878122,-1
7y88,1,39.5245643,-16.1966272,-16.1966272,5.848668192
7y88,1,61.2283017,-9.48753251,-9.48753251,3.904560036
7y88,1,62.5534438,-5.19398422,-5.19398422,4.536381365
7y88,1,26.6771422,-22.6446131,-22.6446131,2.665544177
7y88,1,35.5168496,-23.9425364,-23.9425364,5.102665176
7y88,1,46.2713776,-13.5071521,-13.5071521,5.366988239
7y88,1,75.2502396,-0.816884713,-0.816884713,5.541516552
7y88,1,180.557395,83.5235596,83.5235596,10.09552246
7y88,1,50.0073344,-11.3183849,-11.3183849,3.722406764
7y88,1,41.4687071,-19.8227864,-19.8227864,5.162201709
7y88,1,21.5783293,-26.7134426,-26.7134426,5.737916858
7y88,1,70.2253761,-9.48152863,-9.48152863,5.149147602
7y88,1,31.4781789,-22.0974006,-22.0974006,2.921482707
7y88,1,61.1690725,-8.62839312,-8.62839312,2.961764635
7y88,1,7.1935967,-33.7034903,-33.7034903,2.536957355
7y88,1,6.47569606,-26.9078766,-26.9078766,5.896278856
7y88,1,16.7733607,-29.3010314,-29.3010314,6.343130777
7y88,1,71.1693149,-7.37779189,-7.37779189,5.47797345
7y88,1,57.3022929,-9.43517559,-9.43517559,2.842470444
7y88,1,63.2468224,-10.0923896,-10.0923896,4.131115032
7y88,1,65.3112237,-10.2478101,-10.2478101,5.732708815
7y88,1,122.089621,54.6439261,54.6439261,9.34854649
7y88,1,63.2910968,-12.107363,-12.107363,5.667136898
7y88,1,16.0987533,-25.8750876,-25.8750876,6.033642294
7y88,1,-21.8898488,-50.2738032,-50.2738032,0.864188982
7y88,5,109.693818,31.5757332,31.5757332,2.066034889
7y88,5,110.472951,27.8244476,27.8244476,3.697644491
7y88,5,116.65772,39.6230012,39.6230012,5.983086568
7y88,5,117.841942,48.537375,48.537375,5.999062639
7y88,5,122.369331,42.2033199,42.2033199,5.883261067
7y88,5,134.611199,43.710815,43.710815,2.937656707
7y88,5,148.373798,56.0898165,56.0898165,5.551185759
7y88,5,148.773036,44.3847875,44.3847875,3.595714673
7y88,5,149.12852,31.752255,31.752255,4.469824787
7y88,5,152.765699,41.7634079,41.7634079,5.104012686
7y88,5,153.361334,50.3163796,50.3163796,3.911343379
7y88,5,168.519682,65.5529028,65.5529028,4.103643734
7y88,5,173.845135,62.1394205,62.1394205,3.928931202
7y88,5,176.805383,53.2462314,53.2462314,4.236849253
7y88,5,180.34623,69.1892415,69.1892415,5.95136571
7y88,5,200.669902,58.0741398,58.0741398,3.099636748
7y88,5,205.620244,62.46903,62.46903,3.82011994
7y88,5,210.222077,78.9631447,78.9631447,5.922487625
7y88,5,230.806154,65.3211431,65.3211431,5.521429072
7y88,5,244.802626,73.9362953,73.9362953,5.734949507
7y88,5,260.271469,67.1843346,67.1843346,5.917179389
7y88,5,306.297151,162.013821,162.013821,9.071694219
7y88,5,351.659281,159.514276,159.514276,7.789687247
7y88,5,1283.37235,901.554269,901.554269,6.236498771
7y9g,1,75.3951886,-7.04149468,-7.04149468,-1
7y9g,1,123.685825,37.0332021,37.0332021,-1
7y9g,1,113.605939,20.1353765,20.1353765,-1
7y9g,1,79.7325649,-6.36251984,-6.36251984,-1
7y9g,1,10.3379944,-33.0230907,-33.0230907,-1
7y9g,1,27.0333262,-27.0952709,-27.0952709,-1
7y9g,1,82.9936297,-5.71472357,-5.71472357,-1
7y9g,1,25.8239611,-31.576652,-31.576652,-1
7y9g,1,124.40897,21.3617258,21.3617258,-1
7y9g,1,63.785373,1.16093216,1.16093216,-1
7y9g,1,68.0887288,2.58274284,2.58274284,-1
7y9g,1,17.1288008,-25.5126512,-25.5126512,-1
7y9g,1,84.0170648,-6.66244908,-6.66244908,-1
7y9g,1,76.361249,0.714345842,0.714345842,-1
7y9g,1,30.5644893,-21.1793095,-21.1793095,-1
7y9g,1,37.5978194,-17.235905,-17.235905,-1
7y9g,1,131.260713,24.0624928,24.0624928,-1
7y9g,1,136.346804,27.437132,27.437132,-1
7y9g,1,134.754732,23.1203676,23.1203676,-1
7y9g,1,53.4010313,-9.02929084,-9.02929084,-1
7y9g,1,110.578928,7.02723414,7.02723414,-1
7y9g,1,135.854424,20.8260455,20.8260455,-1
7y9g,1,72.8749308,-2.21101552,-2.21101552,-1
7y9g,1,74.8188809,-8.9559648,-8.9559648,-1
7y9g,1,68.6709835,-7.52806944,-7.52806944,-1
7y9g,1,71.0021799,1.56431042,1.56431042,-1
7y9g,1,110.570318,-2.90878827,-2.90878827,-1
7y9g,1,92.328799,9.75187336,9.75187336,-1
7y9g,1,172.166869,40.6528542,40.6528542,-1
7y9g,1,54.82258,-10.9690051,-10.9690051,-1
7y9g,1,46.6366394,-10.0366992,-10.0366992,-1
7y9g,1,84.0636785,-8.62807964,-8.62807964,-1
7y9g,1,44.8058892,-20.3528611,-20.3528611,-1
7y9g,1,71.9341143,-2.48811902,-2.48811902,-1
7y9g,5,40.9623555,-22.8637873,-22.8637873,-1
7y9g,5,45.2407999,-7.11414293,-7.11414293,-1
7y9g,5,45.3634541,-16.1088742,-16.1088742,-1
7y9g,5,48.7532989,-10.4186701,-10.4186701,-1
7y9g,5,48.773235,-9.08518742,-9.08518742,-1
7y9g,5,51.6224511,-13.7437115,-13.7437115,-1
7y9g,5,53.9740433,-11.7057091,-11.7057091,-1
7y9g,5,55.1698663,-8.61557868,-8.61557868,-1
7y9g,5,55.5361765,-4.92473797,-4.92473797,-1
7y9g,5,56.9407153,-3.94233953,-3.94233953,-1
7y9g,5,60.4376364,-4.22721491,-4.22721491,-1
7y9g,5,61.8485962,-1.0987669,-1.0987669,-1
7y9g,5,65.1962764,-1.42349052,-1.42349052,-1
7y9g,5,65.3704133,-1.80594273,-1.80594273,-1
7y9g,5,69.7480214,3.23659945,3.23659945,-1
7y9g,5,70.0272804,-0.703751778,-0.703751778,-1
7y9g,5,75.1115271,-15.8420722,-15.8420722,-1
7y9g,5,78.9054053,5.47033825,5.47033825,-1
7y9g,5,85.0060175,-4.05753264,-4.05753264,-1
7y9g,5,86.5032431,7.23764014,7.23764014,-1
7y9g,5,87.4212529,-2.65350111,-2.65350111,-1
7y9g,5,116.226919,4.64388573,4.64388573,-1
7y9g,5,117.007708,16.7390985,16.7390985,-1
7y9g,5,117.554367,18.9676269,18.9676269,-1
7y9g,5,121.16707,9.52786334,9.52786334,-1
7y9g,5,132.262076,28.2316282,28.2316282,-1
7y9g,5,140.430341,52.9714891,52.9714891,-1
7y9g,5,151.467919,56.5028768,56.5028768,-1
7y9g,5,189.858954,47.0753001,47.0753001,-1
7y9g,5,202.459453,50.2668065,50.2668065,-1
7y9g,5,209.526166,42.9678915,42.9678915,-1
7y9g,5,713.204571,489.825263,489.825263,-1
7zrn,1,8.56640606,-26.0156389,-26.0156389,-1
7zrn,1,73.2158322,7.72719812,7.72719812,-1
7zrn,1,133.871947,34.315072,34.315072,-1
7zrn,1,94.133608,18.8569216,18.8569216,-1
7zrn,1,57.0622383,-1.86360497,-1.86360497,-1
7zrn,1,79.9700909,12.5407344,12.5407344,-1
7zrn,1,88.6679893,-1.87552181,-1.87552181,-1
7zrn,1,142.835576,33.0762339,33.0762339,-1
7zrn,1,100.728808,21.2527002,21.2527002,-1
7zrn,1,65.6675427,-10.4756782,-10.4756782,-1
7zrn,5,45.0827678,-9.31177503,-9.31177503,-1
7zrn,5,48.906192,-4.60820679,-4.60820679,-1
7zrn,5,56.6634997,1.62522105,1.62522105,-1
7zrn,5,71.1965663,4.44205524,4.44205524,-1
7zrn,5,81.7000352,19.4205931,19.4205931,-1
7zrn,5,87.0059889,18.7898965,18.7898965,-1
7zrn,5,92.5251759,14.6160173,14.6160173,-1
7zrn,5,92.7096652,21.6943113,21.6943113,-1
7zrn,5,103.392029,31.6647262,31.6647262,-1
7zrn,5,116.271055,48.0432142,48.0432142,-1
7zrn,5,151.193103,28.8177107,28.8177107,-1
8h6u,1,13.3271528,-25.4736331,-25.4736331,-1
8h6u,1,18.2066793,-24.3405426,-24.3405426,-1
8h6u,1,35.8449178,-15.2306695,-15.2306695,-1
8h6u,1,154.815798,65.1583748,65.1583748,-1
8h6u,1,233.61263,66.9337166,66.9337166,-1
8h6u,1,40.8980665,-4.31359368,-4.31359368,-1
8h6u,1,95.6846287,22.596589,22.596589,-1
8h6u,1,48.9852572,-4.20417949,-4.20417949,-1
8h6u,1,163.324858,59.1459186,59.1459186,-1
8h6u,1,69.2236288,9.51276816,9.51276816,-1
8h6u,1,113.856629,29.6523301,29.6523301,-1
8h6u,1,19.4858368,-20.7723203,-20.7723203,-1
8h6u,5,29.0741544,-9.33232881,-9.33232881,-1
8h6u,5,32.6732821,-11.7287834,-11.7287834,-1
8h6u,5,35.7239426,-12.7599701,-12.7599701,-1
8h6u,5,45.6942852,-4.39370896,-4.39370896,-1
8h6u,5,81.1408673,11.7358187,11.7358187,-1
8h6u,5,83.4398258,22.5304925,22.5304925,-1
8h6u,5,146.58172,36.3466741,36.3466741,-1
8h6u,5,165.817176,49.7400494,49.7400494,-1
8h6u,5,175.787165,49.6883163,49.6883163,-1
8h6u,5,373.945427,207.507711,207.507711,-1
